<?xml version="1.0"?>
<usersData>
	<userData>
		<firstName>Athena</firstName>
		<lastName>Parker</lastName>
		<id>aparker</id>
		<email>aparker@xyzcompany.com</email>	
		<year_of_birth>1987</year_of_birth>
		<month_of_birth>5</month_of_birth>
		<day_of_birth>23</day_of_birth>
		<videoLink>../res/video/movbbb.mp4</videoLink>
		<login>flex</login>
		<password>hero</password>
	</userData>
	<userData>
		<firstName>Saul</firstName>
		<lastName>Tucker</lastName>
		<id>stucker</id>
		<email>stucker@xyzcompany.com</email>
		<year_of_birth>1987</year_of_birth>
		<month_of_birth>5</month_of_birth>
		<day_of_birth>23</day_of_birth>
		<videoLink>../res/video/movbbb.mp4</videoLink>
		<login>flex</login>
		<password>hero</password>
	</userData>
	<userData>
		<firstName>Samuel</firstName>
		<lastName>Ang</lastName>
		<id>sang</id>
		<email>sang@xyzcompany.com</email>
		<year_of_birth>1987</year_of_birth>
		<month_of_birth>5</month_of_birth>
		<day_of_birth>23</day_of_birth>
		<videoLink>../res/video/movbbb.mp4</videoLink>
		<login>flex</login>
		<password>hero</password>
	</userData>
	<userData>
		<firstName>Dianna</firstName>
		<lastName>Beers</lastName>
		<id>dbeers</id>
		<email>dbeers@xyzcompany.com</email>
		<year_of_birth>1987</year_of_birth>
		<month_of_birth>5</month_of_birth>
		<day_of_birth>23</day_of_birth>
		<videoLink>../res/video/movbbb.mp4</videoLink>
		<login>flex</login>
		<password>hero</password>
	</userData>
	<userData>
		<firstName>Eric</firstName>
		<lastName>Doral</lastName>
		<id>edoral</id>
		<email>edoral@xyzcompany.com</email>
		<year_of_birth>1987</year_of_birth>
		<month_of_birth>5</month_of_birth>
		<day_of_birth>23</day_of_birth>
		<videoLink>../res/video/movbbb.mp4</videoLink>
		<login>flex</login>
		<password>hero</password>
	</userData>
	<userData>
		<firstName>Galen</firstName>
		<lastName>Thompson</lastName>
		<id>gthompson</id>
		<email>gthompson@xyzcompany.com</email>
		<year_of_birth>1987</year_of_birth>
		<month_of_birth>5</month_of_birth>
		<day_of_birth>23</day_of_birth>
		<videoLink>../res/video/movbbb.mp4</videoLink>
		<login>flex</login>
		<password>hero</password>
	</userData>
	<userData>
		<firstName>Tory</firstName>
		<lastName>Forrester</lastName>
		<id>tforrester</id>
		<email>tforrester@xyzcompany.com</email>
		<year_of_birth>1987</year_of_birth>
		<month_of_birth>5</month_of_birth>
		<day_of_birth>23</day_of_birth>
		<videoLink>../res/video/movbbb.mp4</videoLink>
		<login>flex</login>
		<password>hero</password>
	</userData>
	<userData>
		<firstName>Alyssa</firstName>
		<lastName>Le</lastName>
		<id>ale</id>
		<email>ale@xyzcompany.com</email>
		<year_of_birth>1987</year_of_birth>
		<month_of_birth>5</month_of_birth>
		<day_of_birth>23</day_of_birth>
		<videoLink>../res/video/movbbb.mp4</videoLink>
		<login>flex</login>
		<password>hero</password>
	</userData>
	<userData>
		<firstName>Leo</firstName>
		<lastName>Benson</lastName>
		<id>lbenson</id>
		<email>lbenson@xyzcompany.com</email>
		<year_of_birth>1987</year_of_birth>
		<month_of_birth>5</month_of_birth>
		<day_of_birth>23</day_of_birth>
		<videoLink>../res/video/movbbb.mp4</videoLink>
		<login>flex</login>
		<password>hero</password>
	</userData>
</usersData>
